<?xml version="1.0" encoding="UTF-8"?>
<project-private xmlns="http://www.netbeans.org/ns/project-private/1">
    <editor-bookmarks xmlns="http://www.netbeans.org/ns/editor-bookmarks/2" lastBookmarkId="0"/>
    <open-files xmlns="http://www.netbeans.org/ns/projectui-open-files/2">
        <group>
            <file>file:/C:/Users/juana/Documents/NetBeansProjects/Tareas_PD/ReservationSystem/src/reservationsystem/ReservationSystem.java</file>
            <file>file:/C:/Users/juana/Documents/NetBeansProjects/Tareas_PD/ReservationSystem/src/reservationsystem/Flight.java</file>
            <file>file:/C:/Users/juana/Documents/NetBeansProjects/Tareas_PD/ReservationSystem/src/reservationsystem/Airline.java</file>
            <file>file:/C:/Users/juana/Documents/NetBeansProjects/Tareas_PD/ReservationSystem/src/reservationsystem/Plane.java</file>
            <file>file:/C:/Users/juana/Documents/NetBeansProjects/Tareas_PD/ReservationSystem/src/reservationsystem/People.java</file>
        </group>
    </open-files>
</project-private>
